CANTON,D1_norm,D2_norm,D3_norm,IBTC,tipologia_num,tipologia,pob_total,pob_menores5,pob_mayores65,pob_0_3,pob_discapacidad,jef_fem,jef_total,pct_menores5,pct_mayores65,pct_discap,pct_jef_fem,pct_nbi
101,0.18560843484726686,0.08476065241163341,0.09805420338084217,0.12775847557972855,1,Cobertura Relativa,596101,37739,59460,28869,36151,14644,281823,0.06330974113447217,0.09974819703372415,0.06064576305022135,0.05196169226784187,0.19752525159327028
102,0.5108064417101189,0.14379156688134234,0.25410636142309284,0.3126604757212031,2,En Transición,12182,840,1829,649,999,307,5532,0.06895419471351173,0.15013955015596783,0.08200623871285503,0.05549530007230658,0.33089804629781644
103,0.5891152191237474,0.2792295493630252,0.3649169708333059,0.4203213015613702,3,Vulnerable,43188,3533,5302,2781,4425,1123,19421,0.08180513105492267,0.1227655830323238,0.10245901639344263,0.05782400494310283,0.4256043345373715
104,0.6420806646595065,0.16671492832441315,0.7119292251791354,0.465904082229395,4,Crítico,14776,1054,2380,815,1916,274,6729,0.07133188955062263,0.16107200866269628,0.1296697347049269,0.04071927478079952,0.7221846237141311
105,0.5756959795763664,0.17662424900981719,0.24684932740715712,0.3502979569159049,2,En Transición,26782,1944,3354,1499,3111,681,12201,0.07258606526771712,0.12523336569337615,0.1161601075349115,0.05581509712318662,0.3246956911358375
106,0.7736831818558485,0.2513781264199178,0.6198109061754752,0.5339867045454016,4,Crítico,9693,784,1252,602,1199,323,4604,0.08088311152378004,0.1291653770762406,0.12369751366965852,0.07015638575152042,0.6434540389972145
107,0.7171428781386885,0.12377066838252201,0.23347973535748606,0.38306136567998145,3,Vulnerable,3738,264,634,193,400,99,1656,0.07062600321027288,0.16960941680042804,0.10700909577314072,0.059782608695652176,0.31326912787586947
108,0.5704287347460375,0.23206540008583762,0.3042206166110859,0.3818417772549672,3,Vulnerable,20753,1623,2617,1256,2212,541,9914,0.07820556064183491,0.12610225027706837,0.10658699946995615,0.054569295945128105,0.3737290994073146
109,0.7656395260155943,0.27518028955920587,0.47972558862208753,0.5122730439543376,4,Crítico,24992,2055,3302,1601,2981,756,11016,0.0822263124199744,0.1321222791293214,0.1192781690140845,0.06862745098039216,0.5237275928297055
110,0.7540896417474076,0.1747345819455639,0.5268433778343445,0.4768983650440575,4,Crítico,3422,248,514,191,538,73,1575,0.07247223845704266,0.15020455873758037,0.15721800116890708,0.04634920634920635,0.5639976621858562
111,0.47288334931397036,0.2678432052415307,0.2502727092945146,0.34634516368110335,2,En Transición,12197,982,1488,774,1212,245,5494,0.08051160121341314,0.12199721242928589,0.09936869722062802,0.044594102657444484,0.32762154628187257
112,0.6838123643361288,0.03455288367077473,0.1666172755995606,0.3206695543226735,2,En Transición,2776,147,588,123,445,27,1280,0.052953890489913544,0.21181556195965417,0.16030259365994237,0.02109375,0.2561239193083574
113,0.41167932239061295,0.0678425276176534,0.17967986691941204,0.22774471338718896,1,Cobertura Relativa,4613,287,684,217,471,82,2167,0.0622154779969651,0.14827660958161717,0.10210275308909603,0.03784033225657591,0.2672880988510731
114,0.6904131712785923,0.14703482656968989,0.2402066476189437,0.3830205286631016,3,Vulnerable,3586,242,496,192,491,101,1714,0.06748466257668712,0.13831567205800335,0.1369213608477412,0.058926487747957994,0.31901840490797545
115,0.36078844440210767,0.505784979813317,0.3249048787146832,0.41161034542910657,3,Vulnerable,22810,2368,1100,1893,1590,689,11293,0.10381411661551951,0.048224462954844366,0.06970626918018413,0.061011245904542634,0.3914072775098641
201,0.3873505783953857,0.23802906599220816,0.5840150816310806,0.3669548740812537,2,En Transición,98130,7494,10326,5987,8491,2417,46659,0.07636808315499848,0.10522775909507796,0.08652807500254764,0.05180136736749609,0.6128604911851625
202,0.4872501461609278,0.25640045111496934,0.7062745841447194,0.43871515573930275,3,Vulnerable,19802,1609,2613,1238,2436,277,9844,0.08125441874558126,0.13195636804363195,0.12301787698212302,0.028138967899227957,0.7173517826482173
203,0.43285202451218,0.07077429757162698,0.5516778364772829,0.31178609612897934,2,En Transición,15524,930,2309,734,1958,222,7438,0.05990724040195826,0.14873743880443185,0.12612728678175728,0.029846732992739985,0.5852228807008503
204,0.347449818882783,0.23216502537656183,0.377308402767075,0.3073076182571529,2,En Transición,14654,1124,1687,887,1178,317,7197,0.07670260679677904,0.11512215094854647,0.08038760747918657,0.044046130332082815,0.4361948955916473
205,0.40883596400606065,0.08822686998337644,0.539977658036532,0.30682066520308127,2,En Transición,28349,1755,4140,1381,3095,479,13655,0.061906945571272354,0.14603689724505273,0.10917492680517832,0.035078725741486634,0.5752231119263466
206,0.26323616318602455,0.2324111705026268,0.33879717481744137,0.2660183684389488,1,Cobertura Relativa,15607,1222,1582,945,1164,309,7570,0.07829819952585379,0.10136477221759467,0.0745819183699622,0.040819022457067373,0.40328057922726984
207,0.389907079164711,0.3148055353177964,0.5081961448111874,0.3835242747552405,3,Vulnerable,7012,583,615,472,643,183,3510,0.08314318311466058,0.08770678836280661,0.0916999429549344,0.05213675213675214,0.548060467769538
301,0.39017861391240743,0.151506460179546,0.17553493107474608,0.2517810158517306,1,Cobertura Relativa,74515,5209,9148,4017,7283,1472,34120,0.06990538817687714,0.12276722807488426,0.09773871032677985,0.04314185228604924,0.2637455545863249
302,0.6335647720793847,0.16230779230810694,0.37369957444343055,0.3930889406436827,3,Vulnerable,18852,1330,2992,1033,2175,407,8286,0.07054954381497984,0.1587099511988118,0.1153723742838956,0.04911899589669322,0.4331105453002334
303,0.3774930382483083,0.22477947797254125,0.41200446759330017,0.3233099000069999,2,En Transición,52150,4017,6849,3125,4901,771,23809,0.07702780441035474,0.1313326941514861,0.09397890699904123,0.032382712419673235,0.46584851390220516
304,0.424629172985302,0.3933984107776294,0.3973543618736137,0.4066819058798953,3,Vulnerable,62103,5870,4773,4581,5621,1572,29791,0.09452039353976459,0.076856190522197,0.09051092539812891,0.05276761438018193,0.45332753651192376
305,0.3841646753374275,0.23607904750983247,0.2713214128612411,0.30236177171115225,2,En Transición,9285,746,1057,565,933,152,4250,0.08034464189553042,0.11383952611739365,0.10048465266558966,0.03576470588235294,0.34561120086160474
306,1.0,0.24433195855892592,0.3753278146359922,0.5727983463507689,4,Crítico,6046,471,1083,372,928,171,2700,0.07790274561693682,0.17912669533575917,0.15348991068475024,0.06333333333333334,0.4345021501819385
307,0.8481581754111113,0.27937202053930027,0.5856067946500623,0.5681334373101772,4,Crítico,4627,370,579,298,972,76,2038,0.07996542035876378,0.125135076723579,0.2100713205100497,0.03729146221786065,0.6142208774583964
401,0.20390336395121325,0.1258153611061378,0.20980352772245756,0.17384819556743195,1,Cobertura Relativa,92375,6212,8295,4785,6591,2258,44900,0.06724763193504736,0.08979702300405953,0.07135047361299053,0.05028953229398664,0.2930338294993234
402,0.4454531692158835,0.08924240512296143,0.33930247714188133,0.2817387251639143,2,En Transición,15677,1001,2079,765,1476,418,7823,0.06385150220067615,0.13261465841678893,0.09415066658161637,0.053432187140483194,0.4037124449830963
403,0.24325113856372424,0.11303432653009512,0.3073391801270058,0.2039820220629289,1,Cobertura Relativa,14522,951,1833,737,1278,213,7138,0.06548684754166093,0.12622228343203415,0.08800440710645917,0.029840291398150743,0.3763944360280953
404,0.3934336993453646,0.031765059314143716,0.3915165891900495,0.24838282130181327,1,Cobertura Relativa,12727,740,1976,561,1525,164,6328,0.05814410308792331,0.15526046986721145,0.11982399622849062,0.025916561314791402,0.4483381786752573
405,0.24714194149822932,0.1040962897194954,0.2728779627166257,0.19507088503041503,1,Cobertura Relativa,29590,1909,3487,1480,2564,524,14427,0.06451503886448125,0.11784386617100372,0.08665089557282867,0.03632078741249047,0.3469415343021291
406,0.17889094091068627,0.11026019052975192,0.23032250578755353,0.161724953733686,1,Cobertura Relativa,7937,528,781,401,556,172,3937,0.06652387551971778,0.09839989920624921,0.07005165679727857,0.04368808737617475,0.31057074461383394
501,0.25030088701921305,0.21395774743028467,0.30401188865816736,0.24650583151143254,1,Cobertura Relativa,217261,16310,19214,12826,15791,5261,106010,0.07507099755593502,0.08843740938318428,0.07268216569011465,0.04962739364210923,0.37355070629335224
502,0.3543638159190067,0.36078339556217603,0.4068192955435567,0.36742274370118444,2,En Transición,53793,4798,3548,3824,4182,1588,26389,0.08919376127005373,0.06595653709590467,0.07774245719703307,0.06017658873015271,0.46141691298124293
503,0.27344232792122963,0.25411540160783114,0.6737243903534474,0.34576796988231384,2,En Transición,21867,1682,2543,1363,1858,331,10926,0.07691955915306169,0.11629395893355285,0.08496821694791237,0.030294709866373788,0.6895321717656743
504,0.5040848726700222,0.21520120262637984,0.6210240716823827,0.4119192444550374,3,Vulnerable,66980,4968,7536,3961,7469,1681,31579,0.07417139444610331,0.11251119737234995,0.11151089877575396,0.05323157794737009,0.644490892803822
505,0.3239357674688987,0.13644323386700744,0.4375485250691751,0.2716613055481975,1,Cobertura Relativa,67493,4605,7285,3555,5663,1621,32200,0.06822929785311069,0.10793711940497533,0.08390499755530204,0.0503416149068323,0.4876802038729942
506,0.26891545480814943,0.2845548718281664,0.5283937468840232,0.327066880031331,2,En Transición,24356,1973,2187,1579,1920,492,11498,0.08100673345376909,0.08979306946953523,0.0788306782722943,0.042790050443555404,0.5653227130891773
507,0.6016494654264857,0.20551996656856852,0.8299143626322385,0.4888506453244694,4,Crítico,18460,1357,2368,1077,2150,513,9014,0.07351029252437703,0.12827735644637053,0.11646803900325027,0.056911471045041045,0.8230227518959913
601,0.17639602697548454,0.11070349501286575,0.1626251230709954,0.1473648334095392,1,Cobertura Relativa,260882,16792,26789,13190,16532,5768,123488,0.06436626520802509,0.10268627195437018,0.06336964604687177,0.04670899196683079,0.252711954063523
602,0.47073136862190695,0.26150105605508805,0.7288346287374288,0.4386598956182838,3,Vulnerable,37275,2999,4933,2346,3656,698,17575,0.0804560697518444,0.13234071093226024,0.09808182427900737,0.03971550497866287,0.7366331321260898
603,0.6985286839014831,0.06774484272484547,0.8174006577590609,0.4699895422023436,4,Crítico,30468,1821,5818,1433,4330,539,14425,0.059767625049231984,0.19095444400682685,0.14211631876066694,0.03736568457538995,0.8123276880661677
604,0.352408613880729,0.1469290989299339,0.30234280090455234,0.26020364530517565,1,Cobertura Relativa,13431,953,1315,719,1241,334,6367,0.07095525277343459,0.09790782518055245,0.09239818330727421,0.05245798649285378,0.37212419030600846
605,0.6446903465213321,0.2725646528388146,0.49591556097092576,0.46608511193824387,4,Crítico,10635,845,1683,679,1210,215,4935,0.07945463093559003,0.15825105782792664,0.11377527033380348,0.04356636271529889,0.5375646450399624
606,0.4409947383963116,0.26108692798371747,0.9024774660903634,0.46132815977008435,4,Crítico,35769,2845,3731,2250,3454,877,17007,0.07953814755794124,0.10430819983784842,0.0965640638541754,0.05156700182277885,0.8850401185383991
607,0.28233000692638976,0.1859807927492134,0.4443246698211684,0.27618925383447496,1,Cobertura Relativa,48327,3474,5280,2742,4459,819,22811,0.0718852815196474,0.10925569557390279,0.09226726260682434,0.03590373065626233,0.4934715583421276
608,0.6660872963956032,0.27553385180968076,0.6211813302880211,0.5008847253397177,4,Crítico,11796,949,1521,756,1415,326,5677,0.080451000339098,0.12894201424211596,0.11995591726008817,0.057424696142328695,0.6446252967107494
609,0.848490979488005,0.011096642673900318,0.4278618406130384,0.42940741698736984,3,Vulnerable,6748,366,1334,286,1010,180,3202,0.05423829282750445,0.1976882039122703,0.14967397747480735,0.056214865708931916,0.4794013040901008
610,0.45183480499996304,0.3041411248814826,0.2902204953069903,0.36043447101397635,2,En Transición,16602,1418,1326,1103,1678,461,7973,0.08541139621732322,0.0798698951933502,0.10107215998072522,0.05782014298256616,0.3617636429345862
701,0.20911924842331164,0.2223516098987688,0.25687172058021596,0.22396268744487535,1,Cobertura Relativa,306309,23404,25878,18294,18651,7672,150682,0.07640650454279828,0.08448331586731046,0.06088949394239151,0.05091517234971662,0.3332615104355406
702,0.2915940555073208,0.21895386272466302,0.33122079510731817,0.2704633263142572,1,Cobertura Relativa,32366,2515,3103,1924,2716,693,16041,0.0777049990731014,0.09587221158005314,0.08391521967496755,0.04320179539928932,0.39680528950132854
703,0.47397840925208734,0.04688535498180444,0.3399743218737171,0.27634037006830015,1,Cobertura Relativa,6112,380,833,277,722,138,3117,0.06217277486910995,0.13628926701570682,0.1181282722513089,0.04427333974975938,0.4042866492146597
704,0.10451662833810929,0.11046503614064777,0.46956962957927556,0.17990659170735795,1,Cobertura Relativa,7875,529,715,398,555,147,4058,0.06717460317460318,0.09079365079365079,0.07047619047619047,0.0362247412518482,0.5150476190476191
705,0.7515306922047718,0.16044552567639708,0.5998431924200749,0.4847591256364825,4,Crítico,2251,146,387,123,408,32,1105,0.06486006219458018,0.17192358951577077,0.18125277654375832,0.02895927601809955,0.6263882718791648
706,0.258289256284258,0.43500892811199293,0.47576269500057067,0.3724718127586145,3,Vulnerable,59536,5774,4085,4595,4297,1237,30181,0.09698333781241601,0.06861394786347756,0.0721748185971513,0.040986050826679034,0.5203406342381081
707,0.19204275376042584,0.3005393571764541,0.3502703510080092,0.2670869145763538,1,Cobertura Relativa,56303,4747,3868,3724,3265,1396,27447,0.08431167078130827,0.06869971404720886,0.05798980516135908,0.0508616606550807,0.4130863364296751
708,0.49628996956606136,0.16152161756320504,0.20552146848097952,0.30422892854790246,2,En Transición,6870,502,805,376,561,236,3535,0.07307132459970887,0.11717612809315867,0.0816593886462882,0.06676096181046676,0.2893740902474527
709,0.29050751903499483,0.22078539691393842,0.2854148076810486,0.261600127915783,1,Cobertura Relativa,83597,6342,8314,4982,6880,1794,40983,0.07586396641027789,0.09945332966494012,0.08229960405277702,0.04377424785886831,0.35765637522877614
710,0.28620408062275754,0.11039464783878847,0.28433081237193164,0.21550565385900475,1,Cobertura Relativa,29406,1925,3675,1486,2311,613,14720,0.0654628307148201,0.1249744950010202,0.07858940352309053,0.041644021739130434,0.3567299190641366
711,0.20624457301988638,0.24336372765349457,0.23143618777059163,0.22613055782347075,1,Cobertura Relativa,13556,1088,1396,833,1031,200,6824,0.08025966361758631,0.10298023015638831,0.07605488344644439,0.029308323563892145,0.31152257303039244
712,0.30117496099655616,0.27760859063303484,0.22077085394487336,0.2756675914408111,1,Cobertura Relativa,80299,6568,7480,5160,6148,1823,39522,0.08179429382682225,0.09315184497938953,0.07656384263813995,0.04612620818784474,0.30240725289231496
713,0.29131139744461887,0.13053025768569876,0.36939668411012444,0.24261599887415197,1,Cobertura Relativa,24374,1603,3183,1272,2060,435,12076,0.06576680068925905,0.13058997292196603,0.08451628784770657,0.03602186154355747,0.4294330023795848
714,0.5437540557259726,0.11259514522822561,0.29964125655213475,0.32246793169210625,2,En Transición,5738,378,799,291,849,97,2920,0.0658766120599512,0.13924712443360054,0.14796096200766817,0.03321917808219178,0.3698152666434298
801,0.36251442480770196,0.34573397411625045,0.31262799601629265,0.3458249587728395,2,En Transición,211848,18968,16457,14798,13633,6222,100074,0.089535893659605,0.07768305577583928,0.06435274347645481,0.06217399124647761,0.38091461802802007
802,0.5605527385686825,0.5963276257315772,0.8871198797699684,0.6401761216740977,4,Crítico,46305,5314,2843,4187,4415,1338,22795,0.1147608249649066,0.06139725731562466,0.09534607493791167,0.058697082693573155,0.8719144800777454
803,0.676586085263203,0.6258523776304903,0.9426137592117012,0.7094981369998176,4,Crítico,36426,4306,2471,3382,3126,1359,18424,0.11821226596387197,0.0678361609839126,0.0858178224345248,0.07376248371689101,0.9193433261955746
804,0.2613799032582634,0.42332870979227744,0.7014721479725528,0.4141778748147269,3,Vulnerable,126841,12152,9095,9668,8294,2824,63368,0.09580498419280832,0.0717039443082284,0.06538895152198422,0.04456508016664563,0.7132472938560875
805,0.496055327886785,0.6069965335849126,0.7208455585747529,0.5853898563036296,4,Crítico,48391,5595,2499,4418,3158,1613,23071,0.11562067326568991,0.05164183422537249,0.06526006902109896,0.06991461141693034,0.729805129052923
806,0.5594097754861349,0.5244815876253517,0.6902727125008815,0.571611087744771,4,Crítico,51204,5516,3058,4328,3727,1937,24835,0.1077259589094602,0.05972189672681822,0.07278728224357472,0.07799476545198308,0.7036754941020232
807,0.6210068345842111,0.5720503378452997,0.9426989630325228,0.6657626615783089,4,Crítico,32885,3627,2355,2908,2830,1158,16281,0.11029344686027064,0.07161319750646192,0.08605747301201155,0.07112585222037958,0.9194161471795651
901,0.2950744654247953,0.1984909171782233,0.20151472960448702,0.23772909896210487,1,Cobertura Relativa,2746403,203878,231638,158647,151263,91809,1344265,0.07423455334122486,0.08434231975423855,0.05507676768485907,0.06829680159789922,0.28594965851697657
902,0.3859794471705429,0.40584803345432835,0.8508400988301315,0.4868990120159748,4,Crítico,25526,2419,2312,1909,2299,512,12720,0.0947661208179895,0.09057431638329547,0.09006503173235132,0.04025157232704402,0.8409073101935282
903,0.208462782567129,0.47629363217021636,0.4133113959253886,0.3565648450800159,2,En Transición,25655,2623,1526,2067,1661,490,12981,0.10224127850321575,0.05948158253751705,0.06474371467550186,0.037747477081888914,0.4669655038004288
904,0.5185778033634781,0.3854500879334041,0.7948188281798708,0.5205749221547271,4,Crítico,57829,5348,4852,4228,5954,1657,28732,0.0924795517819779,0.08390254024797247,0.1029587231319926,0.057670889600445495,0.7930277196562279
905,0.29984943265657593,0.37604525613516404,0.8096713396697952,0.43229214345065503,3,Vulnerable,26251,2423,2470,1899,1826,531,13439,0.09230124566683175,0.09409165365128948,0.06955925488552817,0.039511868442592454,0.805721686792884
906,0.2555951744374937,0.17671199389254527,0.27122763302644753,0.2271683939373051,1,Cobertura Relativa,222446,16045,18507,12452,15948,6016,106825,0.0721298652257177,0.08319771989606466,0.0716938043390306,0.05631640533582963,0.345531050232416
907,0.33558919835269196,0.27539569389068747,0.6315836692109993,0.37071069073955165,2,En Transición,303910,24965,21274,19474,17587,10768,148306,0.08214603007469316,0.07000098713434899,0.057869105985324604,0.07260663762760779,0.6535158435063012
908,0.31521455067659365,0.3594971605369387,0.7037809812872231,0.41064088074285754,3,Vulnerable,79767,7147,6510,5662,7075,1593,39498,0.08959845550164855,0.08161269697995412,0.08869582659495781,0.04033115600789913,0.7152205799390725
909,0.470106602912271,0.4387182853167174,0.5201760784029693,0.46756517097218925,4,Crítico,60541,6015,4519,4691,5783,1582,29737,0.09935415668720371,0.0746436299367371,0.09552204291306718,0.05319971752362377,0.558299334335409
910,0.32394335256858353,0.291394582784809,0.3992511175738267,0.3259853976561224,2,En Transición,195943,16328,17574,12813,14697,4822,95390,0.08333035627708058,0.08968934843296265,0.07500650699438102,0.05055037215641053,0.4549486330208275
911,0.28896093346570684,0.4624785467786546,0.49258368216989057,0.3990925285317227,3,Vulnerable,83691,8436,5744,6648,5897,1790,41901,0.10079936910778937,0.06863342533844738,0.07046157890334684,0.042719744158850624,0.5347169946589239
912,0.3873101276165083,0.3056607827954827,0.39361861134287734,0.3559120864333719,2,En Transición,44169,3778,3813,2940,4030,1093,21637,0.08553510380583668,0.08632751477280445,0.09124046276800471,0.05051532097795443,0.45013470986438453
913,0.3290350288164502,0.35272289357295844,0.6538753664262082,0.40347824224100515,3,Vulnerable,18019,1597,1666,1269,1637,331,9079,0.0886286697374993,0.09245796104112326,0.0908485487540929,0.03645775966516136,0.6725678450524446
914,0.6428077154404663,0.4102527007789297,0.7094529486875021,0.5631147562252589,4,Crítico,52177,4907,4567,3921,5373,1904,26458,0.09404526898825152,0.08752898786821779,0.10297640722923894,0.07196311134628468,0.7200682292964333
916,0.131051186699581,0.07792846834950692,0.24211745632995624,0.1320153532856264,1,Cobertura Relativa,98540,6104,11272,4717,3927,2343,47699,0.061944388065760095,0.11439009539273391,0.03985183681753603,0.049120526635778525,0.3206515120763142
918,0.33832013379286374,0.2764504252892195,0.734915973941458,0.3928914184211249,3,Vulnerable,43700,3526,4289,2804,4411,819,22273,0.08068649885583525,0.09814645308924486,0.10093821510297483,0.03677097831455125,0.7418306636155606
919,0.35500342001637253,0.3393173443954285,0.9074299477088645,0.4592142953064933,4,Crítico,61060,5270,6305,4233,5222,1216,30716,0.08630854896822797,0.10325908942024238,0.08552243694726498,0.03958848808438599,0.8892728463806092
920,0.24720435456227957,0.33129454336242886,0.5462682243785586,0.3406532040455951,2,En Transición,72699,6371,5558,4992,4479,1790,36026,0.0876353182299619,0.07645222080083633,0.06161020096562539,0.04968633764503414,0.5805994580393128
921,0.36756592257108706,0.3643780251742122,0.4286292378227008,0.3785034266626599,3,Vulnerable,58768,5391,3896,4195,4852,1657,29099,0.09173359651511026,0.0662945820854887,0.0825619384699156,0.056943537578610946,0.4800571739722298
922,0.3735981905460705,0.3699380782750453,0.708719447651721,0.43915839705879056,3,Vulnerable,29427,2688,2637,2114,2601,638,14820,0.09134468345397084,0.08961158120093791,0.08838821490467938,0.04304993252361673,0.7194413293913753
923,0.15738765695584206,0.14071562453649455,0.33165709844227736,0.18557273228539012,1,Cobertura Relativa,13183,926,1442,699,1039,180,6701,0.0702419783053933,0.10938329666995372,0.07881362360615944,0.026861662438442024,0.39717818402488053
924,0.6516768436755402,0.42046498742435506,0.5462860826682245,0.5381139489736031,4,Crítico,22254,2087,1709,1691,2422,849,11195,0.09378089332254876,0.07679518288846948,0.10883436685539678,0.07583742742295668,0.5806147209490429
925,0.4439545870413227,0.30795109876141213,0.43381159974334915,0.38752459426976377,3,Vulnerable,23850,2018,1728,1592,2150,790,11771,0.08461215932914046,0.07245283018867925,0.09014675052410902,0.06711409395973154,0.48448637316561843
927,0.33055586276798604,0.22612649718876024,0.41035283685265234,0.30474351135322897,2,En Transición,11810,906,1088,709,1177,249,5775,0.07671464860287891,0.09212531752751905,0.09966130397967823,0.043116883116883116,0.46443691786621505
928,0.4683771279242821,0.47668466777164015,0.7734495363254028,0.5327146255434495,4,Crítico,14305,1448,934,1153,1426,390,7249,0.10122334847955261,0.06529185599440755,0.09968542467668648,0.053800524210235894,0.7747640685075149
1001,0.19409157721291323,0.0726627766099324,0.10773538383038571,0.1282488182952154,1,Cobertura Relativa,217469,13339,22396,10316,13081,5579,104110,0.06133747798536803,0.10298479323489784,0.06015110199614658,0.05358755162808568,0.205799447277543
1002,0.17677615960449886,0.09560967808442948,0.18550390649595688,0.1460551163747627,1,Cobertura Relativa,53771,3442,5402,2652,2970,1362,25895,0.06401219988469621,0.10046307489167024,0.05523423406669022,0.052597026452983205,0.27226571943984673
1003,0.3302675145643427,0.23489414401292685,0.5067225153657234,0.3274091665040525,2,En Transición,53001,4081,5597,3220,4265,1207,26134,0.0769985471972227,0.10560178109846984,0.08047017980792816,0.04618504629983929,0.5468010037546461
1004,0.23283376015705648,0.16494444516485596,0.38726442354075646,0.23656416683691628,1,Cobertura Relativa,114303,8149,10914,6288,7482,2800,55015,0.07129296693875051,0.09548305818744915,0.06545759953806987,0.05089521039716441,0.4447039885217361
1005,0.3518678687615044,0.1309602893812806,0.3634614147207552,0.265823546201265,1,Cobertura Relativa,13366,894,1772,698,994,314,6542,0.06688612898398923,0.13257519078258267,0.07436779889271285,0.047997554264750844,0.42436031722280415
1006,0.40505789406872034,0.14358526130260948,0.3973646171955307,0.29893018558763806,2,En Transición,17969,1218,2168,957,1204,579,8937,0.06778340475262953,0.12065223440369525,0.06700428515777172,0.06478684122188653,0.4533363014079804
1101,0.15935697208791783,0.1377340738200884,0.15068702035388593,0.1489738224339797,1,Cobertura Relativa,250028,17160,24119,13196,15008,5412,119350,0.06863231318092373,0.09646519589805942,0.06002527716895708,0.045345622119815666,0.24250883901003087
1102,0.4241112134923097,0.15670461195379756,0.4436513471113999,0.3210565996007229,2,En Transición,26042,1818,4181,1415,2433,395,12767,0.06981030642807771,0.16054834498118425,0.09342600414714691,0.030939139970235764,0.4928960909300361
1103,0.4651442745864417,0.2539227209010848,0.27150937976528144,0.34192867414806694,2,En Transición,35240,2798,3997,2196,3816,752,17034,0.07939841089670828,0.11342224744608399,0.10828603859250852,0.04414700011741223,0.3457718501702611
1104,0.28010294816965814,0.20390614160156278,0.5638901301351261,0.30638166193551364,2,En Transición,14379,1069,1791,837,1205,219,7301,0.07434453021767856,0.12455664510744836,0.08380276792544683,0.0299958909738392,0.5956603379929063
1105,0.5276681769700804,0.11304007653434678,0.5387311893478284,0.3640295392713366,2,En Transición,6857,451,1239,348,796,93,3465,0.06577220358757474,0.1806912644013417,0.11608575178649555,0.02683982683982684,0.5741577949540615
1106,0.7028463129892418,0.14017258207457337,0.7016098333972054,0.4775295247049672,4,Crítico,14119,937,2349,748,2077,299,7146,0.06636447340463206,0.166371556059211,0.14710673560450457,0.04184158970053176,0.7133649691904526
1107,0.9089346098775594,0.06574289704777712,0.6057304695409016,0.511017096678315,4,Crítico,12247,727,2426,574,2151,279,6076,0.05936147627990528,0.19808932799869355,0.17563484935086143,0.04591836734693878,0.6314199395770392
1108,0.39252416231058385,0.20304128151044692,0.3932201126028867,0.3168702000489897,2,En Transición,18215,1352,2489,1059,1663,321,8964,0.07422454021410925,0.1366456217403239,0.0912983804556684,0.035809906291834004,0.44979412572056
1109,0.42312866020922524,0.12039775196292608,0.5335400752306249,0.3241185799149855,2,En Transición,22841,1512,3849,1173,2088,352,11310,0.0661967514557156,0.16851276213826014,0.09141456153408345,0.03112290008841733,0.5697211155378487
1110,0.19874821295592773,0.1369746795553663,0.4167330632732244,0.21763576965916248,1,Cobertura Relativa,16257,1115,2110,857,1398,160,8034,0.06858583994586948,0.12979024420249738,0.08599372577966415,0.019915359721184963,0.46988989358430217
1111,0.47684059328889294,0.2752367018536807,0.6230829592118794,0.4254475098994054,3,Vulnerable,29111,2368,3430,1865,2639,698,13631,0.08134382192298444,0.11782487719418776,0.09065301775960977,0.05120680801115105,0.6462505582082374
1112,0.387486961146175,0.270807788115275,0.7826645954941246,0.41985081880340497,3,Vulnerable,6970,542,1247,444,649,32,3502,0.07776183644189383,0.17890961262553803,0.09311334289813486,0.009137635636778984,0.7826398852223816
1113,0.25034503246402995,0.2480703407418812,0.5581594086617849,0.31099803101472145,2,En Transición,14571,1159,1706,901,1200,191,7462,0.07954155514377874,0.11708187495710658,0.08235536339304098,0.025596354864647546,0.5907624734060806
1114,0.22152273365921046,0.3105186424036223,0.7142650718080911,0.3556695647867513,2,En Transición,10409,873,1149,697,750,142,5362,0.08386972811989625,0.11038524353924488,0.0720530310308387,0.02648265572547557,0.7241809972139495
1115,0.7850141994583751,0.03471091659574914,0.6221221238084435,0.45231447118333845,3,Vulnerable,3971,221,836,176,719,44,1958,0.05565348778645177,0.21052631578947367,0.18106270460841098,0.02247191011235955,0.6454293628808865
1116,0.5274635478929195,0.07990022888586999,0.6112849153378938,0.3652024937790946,2,En Transición,4164,265,881,200,427,42,2082,0.06364073006724304,0.21157540826128723,0.10254562920268973,0.020172910662824207,0.6361671469740634
1201,0.34821952680540347,0.31657936002485104,0.498720071453653,0.3656635690228324,2,En Transición,178509,15249,14955,12042,13965,4649,87115,0.08542426432280725,0.08377728854007362,0.07823134967984807,0.05336624002754979,0.5399615705650695
1202,0.2786810515735187,0.39602358367378054,0.7759108966906831,0.42506403343705634,3,Vulnerable,45296,4224,3822,3351,4269,628,22938,0.09325326739667962,0.0843783115506888,0.09424673260332038,0.027378149795099834,0.7768677145884846
1203,0.468454626985837,0.24021892808403084,0.4698725112428597,0.37744392427651907,3,Vulnerable,28354,2201,2718,1735,2372,958,13987,0.07762573181914369,0.09585949072441279,0.08365662693094449,0.06849217130192321,0.5153064823305353
1204,0.3624452603303071,0.48099559044722,0.6130547219434177,0.45998728469969435,4,Crítico,40961,4168,2885,3316,3017,995,20054,0.10175532823905667,0.07043285076047948,0.07365542833426918,0.04961603670090755,0.6376797441468715
1205,0.27257748151176947,0.3385156533518163,0.45901163449302196,0.3362395808440387,2,En Transición,206008,18062,15735,14268,12541,5366,99970,0.08767620674925246,0.07638052891149859,0.06087627664945051,0.053676102830849254,0.5060240379014407
1206,0.44625564486703573,0.39767269444388625,0.755548084612365,0.48868095264684186,4,Crítico,33151,3093,3376,2457,3214,672,16524,0.09330035293053,0.10183704865614913,0.09695031824077704,0.04066811909949165,0.7594642695544629
1207,0.44283035660302583,0.38185410380794266,0.6219378680530305,0.4542613577749935,3,Vulnerable,73211,6701,6108,5331,7578,1712,35848,0.09152996134460668,0.08343008564286787,0.10350903552744806,0.04775719705422897,0.6452718853724168
1208,0.40100473144819604,0.3271157322353532,0.6675297932065671,0.4247541441147331,3,Vulnerable,80909,7015,7926,5528,7107,1912,40487,0.08670234460937597,0.09796190782236834,0.08783942453867925,0.04722503519648282,0.6842378474582556
1209,0.3549017681669905,0.38645138744945656,0.8384294747720525,0.4642271572009894,4,Crítico,24838,2262,2340,1818,2370,439,12718,0.0910701344713745,0.09421048393590466,0.09541831065303165,0.034518005975782355,0.8303003462436589
1210,0.3029264539443597,0.45384020426669297,0.4654075131388421,0.3957881659121895,3,Vulnerable,74410,7351,4628,5858,5310,1815,36756,0.09879048514984545,0.062195941405725035,0.0713613761591184,0.04937969311132876,0.5114903910764682
1211,0.31330932354578095,0.5027747825722354,0.829299255352471,0.4922934935177007,4,Crítico,51509,5308,3449,4262,3620,1169,25948,0.10304995243549671,0.0669591721835019,0.07027898037236212,0.04505164174502852,0.8224970393523462
1212,0.2769124121496983,0.31831199778227043,0.7329343793446044,0.3846766398417084,3,Vulnerable,42026,3622,4055,2841,3585,682,21161,0.08618474277828012,0.09648788845000714,0.08530433541141198,0.03222910070412551,0.740137058011707
1213,0.1242201457676504,0.39077308357897733,0.7193248089338764,0.34986225352542644,2,En Transición,19470,1762,1584,1432,1162,278,9885,0.09049820236260914,0.08135593220338982,0.05968156137647663,0.028123419322205363,0.7285053929121725
1301,0.29974263918141575,0.1860083259789291,0.36917692439345073,0.26813577094282814,1,Cobertura Relativa,322925,23689,30178,18323,26082,8103,157943,0.07335759077185106,0.0934520399473562,0.08076798018115662,0.05130331828571067,0.42924518076952856
1302,0.38520617126283824,0.22873711837197427,0.7720213051894993,0.3999815768918249,3,Vulnerable,41827,3209,4300,2520,3951,990,20556,0.07672077844454539,0.10280440863557032,0.09446051593468334,0.04816112084063047,0.7735434049776461
1303,0.5070114684521323,0.28018208276074463,0.6721397518727009,0.44930537085969097,3,Vulnerable,128166,10471,12917,8263,12046,3886,62552,0.08169873445375529,0.10078335908119158,0.09398748498041602,0.06212431257194015,0.688177831874288
1304,0.2753639636255047,0.3755896880146599,0.6932361416981787,0.39902868899570165,3,Vulnerable,120936,10979,9479,8744,8794,2627,59947,0.0907835549381491,0.07838030032413838,0.07271614738374016,0.04382204280447729,0.7062082423761328
1305,0.4883420650503921,0.3876378414826302,0.8637047635839229,0.5231329153299935,4,Crítico,26415,2400,2339,1936,1781,932,13024,0.09085746734809767,0.08854817338633353,0.06742381222790081,0.07156019656019656,0.8519023282226008
1306,0.39452326612791067,0.22259176734441083,0.7168735549392407,0.39022072437677674,3,Vulnerable,78117,5965,9505,4667,5688,2026,39164,0.07635981924549073,0.12167645966947016,0.07281385613886862,0.05173118169747728,0.7264103844233649
1307,0.35975796369739643,0.2827729246985377,0.7493487778463465,0.406882110927643,3,Vulnerable,22324,1822,2442,1444,2097,416,11264,0.08161619781401183,0.10938899838738578,0.0939347787134922,0.036931818181818184,0.7541659200860061
1308,0.2610983120860208,0.21620236115368252,0.24591028304732956,0.24010232590534727,1,Cobertura Relativa,271145,20666,21609,16057,19295,7288,131534,0.07621752199007911,0.07969536594810894,0.07116118681886076,0.055407727279638726,0.3238931199173874
1309,0.20544317985059846,0.31248004300651433,0.7886627224863249,0.3649018336401101,2,En Transición,99937,8551,6020,6708,6590,2526,48871,0.085563905260314,0.06023794990844232,0.06594154317219848,0.051687094595977166,0.7877662927644415
1310,0.5646113314775747,0.32760237700107775,0.9076294989494618,0.5384113831813533,4,Crítico,41879,3587,5378,2863,4610,947,21618,0.08565151985481984,0.1284175839919769,0.1100790372262948,0.043806087519659545,0.8894433964516822
1311,0.2820322729606326,0.30358786144863553,0.8747661658035882,0.4092012869244249,3,Vulnerable,30380,2532,2606,2017,3060,507,15454,0.08334430546412114,0.08578011849901251,0.10072416063199473,0.03280704024847936,0.8613561553653719
1312,0.2846799668158377,0.20822573727191546,0.4734794794953625,0.29185817753417376,2,En Transición,42688,3227,4157,2500,3617,917,21347,0.07559501499250375,0.09738099700149926,0.084731071964018,0.04295685576427601,0.5183892428785607
1313,0.39825704849588206,0.26862740430008136,0.7178618656140147,0.41032615424118835,3,Vulnerable,51462,4122,5639,3269,5869,854,25953,0.0800979363413781,0.10957599782363686,0.11404531498970114,0.03290563711324317,0.7272550619874859
1314,0.4105811763786585,0.24772472983587668,0.6335463283078937,0.39003162814739284,3,Vulnerable,62841,4973,6587,3884,5564,1623,31412,0.07913623271431072,0.10482010152607374,0.08854092073646186,0.051668152298484656,0.6551932655431963
1315,0.539802873549683,0.2970175459733291,0.6009458077280577,0.45491732935481644,4,Crítico,42853,3568,3985,2822,3895,1518,21382,0.08326138193358691,0.09299232259118381,0.09089211957155859,0.07099429426620522,0.6273306419620563
1316,0.3785128209407045,0.2387272763669644,0.8651575339727994,0.41992754571762747,3,Vulnerable,31473,2417,4271,1922,3148,437,16035,0.07679598385918089,0.13570361897499444,0.10002224128618181,0.027252884315559712,0.8531439646681283
1317,0.4448572517968577,0.5706427029694124,0.7934312912390276,0.5648862401543135,4,Crítico,70408,7867,4045,6218,4967,2132,35284,0.11173446199295535,0.0574508578570617,0.07054596068628564,0.06042398820995352,0.7918418361549824
1318,0.43702289501042074,0.21194988883969096,0.9616111414512649,0.4519113418302977,3,Vulnerable,10090,764,1245,594,1192,170,5128,0.07571853320118929,0.12338949454905847,0.11813676907829535,0.03315132605304212,0.9355797819623389
1319,0.1832849433137743,0.38836696499817847,0.7178825347908918,0.3722372702829595,2,En Transición,25630,2379,1695,1880,1823,468,12988,0.09282091299258681,0.06613343737807258,0.07112758486149044,0.03603326147212812,0.7272727272727273
1320,0.3909546942636331,0.45611207943478815,0.6536951187291817,0.4695657332252049,4,Crítico,16588,1661,1331,1309,1159,437,8380,0.10013262599469495,0.08023872679045092,0.06986978538702676,0.052147971360381865,0.6724137931034483
1321,0.4789213267526495,0.5067277795961876,0.5225968516996201,0.4987790128794589,4,Crítico,29759,3077,1355,2472,1719,1278,14872,0.10339729157565779,0.04553244396653113,0.05776403777008636,0.08593329747175901,0.5603682919452938
1322,0.5167670084996168,0.35251320145885884,0.7387756617901932,0.4954672163414289,4,Crítico,24997,2224,2346,1760,2367,740,12338,0.08897067648117774,0.09385126215145817,0.09469136296355563,0.05997730588426001,0.7451294155298636
1401,0.37335030303862654,0.5403680979974237,0.48468871499509636,0.46242510341343934,4,Crítico,54935,5987,3256,4715,4015,1355,26816,0.1089833439519432,0.059270046418494586,0.07308637480658961,0.050529534606205254,0.5279694184035678
1402,0.423468750941776,0.514234905926916,0.5272689797649424,0.4805352587004653,4,Crítico,21892,2329,1406,1832,1337,689,10777,0.10638589439064498,0.06422437420062123,0.06107253791339302,0.06393244873341375,0.5643614105609355
1403,0.4017645016725446,0.49960730513780105,0.557001638189218,0.47194905036198187,4,Crítico,9602,1013,818,792,601,233,4652,0.10549885440533223,0.08519058529473027,0.06259112684857321,0.0500859845227859,0.5897729639658404
1404,0.5781552240459216,0.6297551640949939,0.4986389913939027,0.5828919535351468,4,Crítico,11882,1362,709,1107,821,452,5925,0.11462716714357853,0.05967008921057061,0.06909611176569601,0.07628691983122363,0.5398922740279414
1405,0.47323431469329114,0.42265450989155484,0.5669286969009241,0.47174126921412324,4,Crítico,9755,969,776,743,706,307,4830,0.09933367503844183,0.07954894925679139,0.07237314197847258,0.06356107660455486,0.598257303946694
1406,0.49680012142751684,0.544868101331907,0.46953581665091443,0.5105744524339525,4,Crítico,23504,2560,1694,2026,1763,685,11326,0.10891763104152484,0.07207283866575902,0.07500850918992512,0.060480310789334274,0.5150187202178352
1407,0.6461778913178584,0.8378682791765067,0.890486992494025,0.7717158666965511,4,Crítico,10830,1507,523,1194,784,360,5344,0.13915050784856878,0.04829178208679594,0.07239150507848569,0.06736526946107785,0.874792243767313
1408,0.3274701047539776,0.4978939973709084,0.558476933548526,0.44184102755965965,3,Vulnerable,4372,468,275,360,220,123,2190,0.1070448307410796,0.06290027447392497,0.05032021957913998,0.056164383561643834,0.5910338517840805
1409,0.1902865208481094,1.0,1.0,0.6761146083392438,4,Crítico,26700,4189,669,3299,892,256,13325,0.15689138576779027,0.0250561797752809,0.03340823970037453,0.01921200750469043,0.9683895131086142
1410,0.4482437769458363,0.8344404610242026,0.8365584361373306,0.6803853824154817,4,Crítico,7484,1028,334,823,371,208,3776,0.1373597006948156,0.044628540887226086,0.04957242116515233,0.05508474576271186,0.8287012292891501
1411,0.7764372847470759,0.6877509446270539,0.5435746068960444,0.6943902131288608,4,Crítico,2267,290,126,222,116,119,1146,0.12792236435818263,0.055580061755624174,0.05116894574327305,0.10383944153577661,0.5782973092192325
1412,0.560660338520703,0.9695126266151678,0.9577225504066833,0.803613696135685,4,Crítico,9285,1393,328,1124,536,283,4738,0.15002692514808832,0.035325794291868606,0.057727517501346255,0.0597298438159561,0.9322563274098008
1501,0.32504143590976226,0.492080579220774,0.5774430844522411,0.44233742294266276,3,Vulnerable,80816,8344,4019,6616,4717,2479,40128,0.10324688180558306,0.049730251435359335,0.05836715501880815,0.06177731259968102,0.6072436151257177
1503,0.6730110359545897,0.485327934446573,0.7599788640329679,0.6153313609670588,4,Crítico,30488,3116,1677,2479,2021,1605,15270,0.10220414589346628,0.05500524796641301,0.06628837575439517,0.10510805500982318,0.7632511151928628
1504,0.2399975160953701,0.19922136777450822,0.30728842732619216,0.2371452390131898,1,Cobertura Relativa,9252,700,648,535,636,274,4629,0.07565931690445309,0.07003891050583658,0.06874189364461739,0.05919205011881616,0.37635105923043666
1507,0.10973903966219041,0.16111282360618537,0.33119840775665604,0.17458042685868153,1,Cobertura Relativa,6472,449,519,354,397,143,3158,0.06937577255871447,0.08019159456118664,0.06134116192830655,0.04528182393920203,0.3967861557478368
1509,0.10244033383512921,0.5197994137650807,0.4961515073101358,0.3481262005021111,2,En Transición,4647,471,324,391,162,80,2332,0.1013557133634603,0.0697224015493867,0.03486120077469335,0.03430531732418525,0.5377663008392511
1601,0.29346693796983186,0.5149492571837339,0.4444272422532127,0.4122519265120688,3,Vulnerable,82754,8757,5267,6930,4285,2074,40422,0.10581965826425309,0.06364647026125625,0.05177997438190299,0.05130869328583445,0.49355922372332456
1602,0.2566497817029833,0.48150517704343354,0.45960222837709774,0.3871824291739863,3,Vulnerable,15087,1569,918,1222,673,392,7388,0.10399681845297276,0.06084708689600318,0.04460794061112216,0.05305901461829995,0.5065287996288195
1603,0.5573528804374044,0.40824696309052755,0.4409641447464199,0.4744327663604568,4,Crítico,4521,433,353,339,444,153,2330,0.0957752709577527,0.0780800707808007,0.0982083609820836,0.06566523605150215,0.49059942490599423
1604,0.320094054994276,0.9051859883204357,0.887438445017112,0.6675997063293071,4,Crítico,9553,1399,336,1106,298,212,4902,0.14644614257301372,0.035172197215534384,0.031194389197110855,0.04324765401876785,0.8721867476185492
1701,0.17166710177402308,0.0365664524441884,0.02722257031012934,0.08873793574931046,1,Cobertura Relativa,2679722,155606,262030,119177,124737,81897,1291774,0.058067963766390694,0.09778253117300974,0.04654848525332105,0.06339886079143875,0.13698771738262402
1702,0.24215940532443292,0.18844713865148258,0.28036399047905264,0.22831541568617672,1,Cobertura Relativa,105267,7709,7644,5994,5548,3520,51000,0.07323282700181444,0.0726153495397418,0.05270407630121501,0.06901960784313725,0.3533396031044867
1703,0.25578532749883076,0.19849747498053505,0.17164117888852665,0.21604135676945166,1,Cobertura Relativa,101894,7519,8216,5886,6530,2942,48864,0.07379237246550337,0.08063281449349324,0.06408620723496967,0.0602079240340537,0.2604176889708913
1704,0.3147915579286751,0.2994465179827122,0.31298735117132376,0.3082927005988197,2,En Transición,40483,3341,2769,2674,2378,1382,19839,0.08252846873996493,0.06839908109576859,0.058740705975347675,0.06966076919199557,0.38122174740014325
1705,0.08212340663105658,0.0,0.0,0.03284936265242263,1,Cobertura Relativa,107904,5741,11546,4475,4406,2780,51939,0.053204700474495846,0.10700252075919335,0.04083259193357058,0.053524326613912473,0.11372145610913405
1707,0.2563926645143025,0.2108571503801593,0.36404499882409475,0.2597089257226037,1,Cobertura Relativa,13661,1075,1134,803,1031,331,6833,0.07869116462923652,0.08301002854842252,0.07547031696069102,0.04844138738475048,0.4248590879145011
1708,0.25201353763838724,0.41504208899456896,0.48557131446850404,0.3639365135468833,2,En Transición,15475,1503,1091,1169,807,384,7720,0.09712439418416802,0.07050080775444265,0.052148626817447495,0.049740932642487044,0.528723747980614
1709,0.23687086742610067,0.33165027787129164,0.6513894505858804,0.357686348236133,2,En Transición,25067,2146,2082,1722,1540,589,12588,0.08561056368931264,0.08305740615151394,0.06143535325328121,0.04679059421671433,0.6704432121913273
1801,0.23563076359716226,0.13813052237214807,0.17106205848059286,0.1837169260838427,1,Cobertura Relativa,370664,25023,38751,19575,23277,9178,178019,0.0675085791984115,0.10454481686918611,0.06279811365549393,0.05155629455282863,0.25992273325707377
1802,0.21470840499852076,0.05807040732231922,0.12596570177314895,0.1343046652829658,1,Cobertura Relativa,21908,1332,2374,1013,1454,544,10686,0.060799707869271497,0.10836224210334125,0.06636844988132189,0.05090772973984653,0.22138031769216723
1803,0.25317224926265824,0.10079610070728062,0.13867651256705502,0.16932264250138657,1,Cobertura Relativa,10433,697,1239,519,626,246,5032,0.06680724623789898,0.11875778778874724,0.060001916994153165,0.04888712241653418,0.23224384165628295
1804,0.19499813075689665,0.05355016926688265,0.2313308063390493,0.1456854812773216,1,Cobertura Relativa,7260,432,1012,333,442,129,3553,0.05950413223140496,0.1393939393939394,0.06088154269972452,0.03630734590486912,0.3114325068870523
1805,0.3241358304729177,0.12324490842031978,0.48985755352448623,0.27692380626219226,1,Cobertura Relativa,13879,927,1704,716,1191,292,6783,0.06679155558757835,0.12277541609626054,0.08581309892643563,0.04304879846675512,0.5323870595864255
1806,0.3682223646742789,0.2090911517676768,0.4995399972358973,0.3308334060239618,2,En Transición,19084,1417,2208,1119,1820,382,9335,0.07425068119891008,0.11569901488157619,0.09536784741144415,0.04092126405998929,0.540662334940264
1807,0.26914484341407613,0.1479605660694637,0.38619776942206335,0.2440817176778286,1,Cobertura Relativa,63897,4440,6385,3426,5883,1262,30669,0.06948683036762289,0.09992644412100725,0.09207005023710034,0.041149043007597245,0.44379235331862216
1808,0.6508248975550572,0.1260065374392864,0.40186801665496075,0.3911061773287296,3,Vulnerable,42497,2838,5146,2202,3849,1779,20289,0.06678118455420383,0.12109090053415535,0.09057109913640964,0.08768298092562472,0.45718521307386406
1809,0.26887968305235527,0.127974871823208,0.34337028756028243,0.2274158794622818,1,Cobertura Relativa,13910,910,1624,723,1165,274,6735,0.06542056074766354,0.11675053918044573,0.08375269590222861,0.0406829992576095,0.4071890726096334
1901,0.18358487730003462,0.3063645120912278,0.2877321313852124,0.2535261820335475,1,Cobertura Relativa,30186,2576,2359,2011,1762,655,15004,0.08533757370966673,0.07814881070695025,0.05837143046445372,0.043655025326579576,0.3596369177764527
1902,0.2856516512758671,0.3303427510162232,0.5598898925480007,0.3583757394264363,2,En Transición,10337,896,895,709,923,191,5311,0.08667892038308987,0.08658218051659089,0.08929089677856245,0.035963095462248164,0.5922414627067815
1903,0.27537611892751696,0.5938181501831308,0.5270361158065312,0.45308493080556533,3,Vulnerable,6429,732,371,580,291,155,3238,0.1138590760615959,0.05770726396018043,0.04526364909006066,0.04786905497220507,0.564162389174055
1904,0.583827920120968,0.5221998695846771,0.6726625238491628,0.5769436206520906,4,Crítico,6391,669,393,539,407,277,3139,0.10467845407604444,0.06149272414332655,0.06368330464716007,0.08824466390570246,0.6886246283836646
1905,0.36986461248634406,0.40910066072969115,0.41841894862150186,0.3952698990107145,3,Vulnerable,23370,2227,1571,1754,1478,737,11539,0.0952931108258451,0.0672229353872486,0.06324347454000856,0.06387035271687322,0.47133076593923834
1906,0.2705005452411303,0.4794364069803523,0.4487558797589692,0.3897259568403869,3,Vulnerable,12768,1318,750,1032,524,370,6300,0.10322681704260651,0.0587406015037594,0.041040100250626564,0.05873015873015873,0.49725877192982454
1907,0.28486571948209716,0.37266863737149114,0.48254294648984636,0.35952233203940465,2,En Transición,7882,715,682,568,536,173,3970,0.09071301700076123,0.08652626236995686,0.06800304491245876,0.04357682619647355,0.5261354986044151
1908,0.303328780693905,0.38033753970623124,0.6386192245559846,0.40119037307125144,3,Vulnerable,8873,819,640,645,727,202,4524,0.09230249070213006,0.07212893046320297,0.08193395694804463,0.044650751547303275,0.6595289079229122
1909,0.27979607024755215,0.474607138382747,0.599546483683064,0.4216705801887325,3,Vulnerable,4737,466,259,381,263,141,2396,0.09837449862782352,0.05467595524593625,0.055520371543170785,0.05884808013355593,0.6261346843994089
2001,0.14633972412451793,0.16700379026008394,0.11335506543855671,0.14800841884155208,1,Cobertura Relativa,8300,569,568,458,366,278,4179,0.06855421686746987,0.06843373493975903,0.04409638554216867,0.06652309164871979,0.21060240963855423
2002,0.0,0.25766757747692903,0.21757063870063423,0.14658115873089847,1,Cobertura Relativa,3050,247,173,191,102,72,1564,0.08098360655737705,0.05672131147540983,0.03344262295081967,0.04603580562659847,0.299672131147541
2003,0.07954279279766494,0.16563986135414951,0.2924425242474021,0.15656156651020622,1,Cobertura Relativa,17233,1201,905,949,698,571,8637,0.06969187024894098,0.05251552254395636,0.040503684790808334,0.06611091814287369,0.36366274009168453
2101,0.14249849509308213,0.3022983007181984,0.5040808292602132,0.2787348841765549,1,Cobertura Relativa,105044,8918,5688,6963,6250,2623,52497,0.08489775713034538,0.05414873767183276,0.059498876661208636,0.04996475989104139,0.5445432390236472
2102,0.1384314960458529,0.3193988942625257,0.5040480888676256,0.2839417738968766,2,En Transición,10356,932,638,701,603,216,5201,0.08999613750482811,0.06160679799150251,0.05822711471610661,0.04153047490867141,0.5445152568559289
2103,0.22320657706501962,0.34178253440594764,0.8068171759596877,0.38735907978032447,3,Vulnerable,9018,846,462,627,643,223,4613,0.09381237524950099,0.05123087159015303,0.07130184076291861,0.04834164318231086,0.803282324240408
2104,0.12134440156473891,0.4048657344635106,0.5860582212572264,0.3276956986627451,2,En Transición,50826,4898,2530,3797,2567,1116,25687,0.09636800062959902,0.04977767284460709,0.05050564671624759,0.04344610114065481,0.6146066973596191
2105,0.133274493158363,0.06282204094462798,0.44864553202640195,0.1681677200464768,1,Cobertura Relativa,3174,196,290,148,251,65,1609,0.06175173282923756,0.09136735979836169,0.0790800252047889,0.040397762585456805,0.497164461247637
2106,0.15202521012409873,0.35679027376289685,0.6262146469899164,0.32876912295278155,2,En Transición,11744,1116,818,831,901,147,5938,0.09502724795640327,0.0696525885558583,0.0767200272479564,0.024755810037049512,0.6489271117166212
2107,0.4095703948269483,0.3838146291924861,0.756370537603648,0.4686281171285034,4,Crítico,8852,834,485,646,736,306,4622,0.09421599638499774,0.05478987799367375,0.08314505196565748,0.06620510601471224,0.7601671938544962
2201,0.2353281553322875,0.506959190359431,0.5467303577577115,0.40626100982822977,3,Vulnerable,95130,9939,3823,7904,5837,2467,48163,0.10447808262377799,0.040187112372542834,0.06135814149059182,0.051221892323983144,0.5809944286765479
2202,0.16649890741299456,0.5832423076198281,0.8166658259090457,0.4632296511949382,4,Crítico,6872,772,312,614,572,69,3487,0.11233993015133877,0.04540162980209546,0.08323632130384168,0.019787783194723258,0.8116996507566938
2203,0.23436515561184318,0.4571607843091103,0.77950174083789,0.4325107241359594,3,Vulnerable,52444,5237,2723,4143,3885,1124,26450,0.09985889710929753,0.05192205018686599,0.07407901761879337,0.04249527410207939,0.7799366943787659
2204,0.4496811665233703,0.6404937232361675,0.848478455279622,0.6057656469597396,4,Crítico,27720,3325,1179,2607,2289,774,14141,0.11994949494949494,0.04253246753246753,0.08257575757575758,0.054734460080616644,0.8388888888888889
2301,0.30805419541564705,0.27724862322967514,0.3920027542642015,0.3125216783109692,2,En Transición,441583,36149,33389,28363,30103,13023,215061,0.08186229995267028,0.07561205934105253,0.06817064968533662,0.06055491232720019,0.4487536884345638
2302,0.30923290344372206,0.39968913139352497,0.580338928342753,0.39963659960344944,3,Vulnerable,51386,4883,3697,3817,3708,1213,25108,0.09502588253609932,0.07194566613474487,0.07215973222278442,0.04831129520471563,0.6097186003969953
2401,0.1761883082576577,0.3842050266521165,0.4580833703962557,0.3157740080431608,2,En Transición,186687,17225,13480,13630,13866,2861,93101,0.09226673523062666,0.07220642037206662,0.07427405229073261,0.0307300673462154,0.505230680229475
2402,0.2595694657780233,0.35293243982175115,0.38783055695161833,0.32256687363023345,2,En Transición,112247,9912,7723,7907,7594,2826,54865,0.08830525537430844,0.06880362058674173,0.06765436938180976,0.05150824751663173,0.4451878446639999
2403,0.21146986296713446,0.3610009162740086,0.3754731096505892,0.30408293362657507,2,En Transición,86801,7702,6055,6172,6042,1853,43337,0.08873169663943964,0.06975726086104998,0.0696074930012327,0.04275792048365138,0.43462632918975586
